,precision,recall,f1-score,support
non,0.5870469399881164,0.5143154606975534,0.5482796892341842,1921.0
ss,0.7534965034965035,0.8979166666666667,0.8193916349809885,1920.0
ca,0.6536443148688047,0.5835502342529932,0.6166116611661167,1921.0
da,0.7384769539078156,0.7677083333333333,0.7528089887640449,1920.0
accuracy,0.6908357198646186,0.6908357198646186,0.6908357198646186,0.6908357198646186
macro avg,0.6831661780653101,0.6908726737376366,0.6842729935363335,7682.0
weighted avg,0.6831498228060972,0.6908357198646186,0.6842464829093259,7682.0
