,precision,recall,f1-score,support
non,0.6217415418746534,0.5835502342529932,0.6020408163265306,1921.0
ss,0.8832588176850472,0.9260416666666667,0.9041444190185609,1920.0
ca,0.6723768736616702,0.6538261322228006,0.6629717603589338,1921.0
da,0.8563563563563563,0.8911458333333333,0.8734047983665135,1920.0
accuracy,0.7636032283259567,0.7636032283259567,0.7636032283259567,0.7636032283259567
macro avg,0.7584333973944318,0.7636409666189484,0.7606404485176347,7682.0
weighted avg,0.7584044012502958,0.7636032283259567,0.7606070889341474,7682.0
