,precision,recall,f1-score,support
non,0.9794927145169995,0.9453125,0.9620991253644315,1920.0
ss,0.9937920331091568,1.0,0.9968863518422418,1921.0
ca,0.9603092783505155,0.9703125,0.9652849740932643,1920.0
da,0.9815950920245399,0.9994794377928162,0.9904565385607429,1921.0
accuracy,0.9787815673001823,0.9787815673001823,0.9787815673001823,0.9787815673001823
macro avg,0.9787972795003029,0.978776109448204,0.9786817474651701,7682.0
weighted avg,0.9787995956375241,0.9787815673001823,0.9786856500159996,7682.0
