,precision,recall,f1-score,support
non,0.21686746987951808,0.06559083810515356,0.10071942446043165,1921.0
ss,0.29379157427937913,0.4140625,0.3437094682230869,1920.0
ca,0.276566757493188,0.21134825611660593,0.23959870168191208,1921.0
da,0.32729757430816536,0.49895833333333334,0.39529605941819684,1920.0
accuracy,0.2974485810986722,0.2974485810986722,0.2974485810986722,0.2974485810986722
macro avg,0.27863084399006266,0.2974899818887732,0.2698309134459069,7682.0
weighted avg,0.278622535286521,0.2974485810986722,0.26980496399254195,7682.0
