,precision,recall,f1-score,support
non,0.2314647377938517,0.13326392503904216,0.16914436736042285,1921.0
ss,0.2832,0.2765625,0.2798418972332016,1920.0
ca,0.2480450422270879,0.41280583029672047,0.3098866744822196,1921.0
da,0.21343085106382978,0.1671875,0.1875,1920.0
accuracy,0.24746159854204633,0.24746159854204633,0.24746159854204633,0.24746159854204633
macro avg,0.24403515777119233,0.24745493883394065,0.23659323476896102,7682.0
weighted avg,0.24403404340832832,0.24746159854204633,0.2365939955828512,7682.0
